{
  "Recall@1": 0.03855472453386706,
  "Recall@5": 0.09069840935426103,
  "Recall@10": 0.13283472032023597,
  "Recall@20": 0.19077214789845148,
  "MRR": 0.06630621314698036
}