{
  "rouge": {
    "rouge1": 0.1938273073833064,
    "rouge2": 0.022260084051469724,
    "rougeL": 0.12076648965019338,
    "rougeLsum": 0.12063841899551489
  },
  "bleu": {
    "bleu": 0.012367282904242417,
    "precisions": [
      0.21455938697318008,
      0.021514916269269158,
      0.004045398359366221,
      0.0012527047033367498
    ],
    "brevity_penalty": 1.0,
    "length_ratio": 1.20419193250725,
    "translation_length": 9135,
    "reference_length": 7586
  },
  "bert": {
    "precision": 0.10908598452806473,
    "recall": 0.11996574699878693,
    "f1": 0.11527411639690399
  },
  "stance_accuracy": 0.2711864406779661
}