{
  "Recall@1": 0.038344042979037186,
  "Recall@5": 0.08711682292215317,
  "Recall@10": 0.12630359212050984,
  "Recall@20": 0.18087011482144738,
  "MRR": 0.06427705301100758
}