{
  "Recall@1": 0.03918676919835668,
  "Recall@5": 0.08785420836405773,
  "Recall@10": 0.1264089328979248,
  "Recall@20": 0.18129147793110714,
  "MRR": 0.0644325332442476
}